{"cameraMode":{"drawMode":0,"name":"Shaded","section":"Shading Mode"},"sceneLighting":false,"audioPlay":false,"sceneViewState":{"m_AlwaysRefresh":false,"showFog":true,"showSkybox":false,"showFlares":true,"showImageEffects":true,"showParticleSystems":true,"showVisualEffectGraphs":true,"m_FxEnabled":true},"in2DMode":false,"pivot":{"x":0.7617912292480469,"y":-0.08626341819763184,"z":0.055490970611572269},"rotation":{"x":0.06612575799226761,"y":-0.9323549866676331,"z":0.22224250435829163,"w":0.2774106562137604},"size":2.4894187450408937,"orthographic":false}